timestamp, index, power.draw [W]
2026/09/08 05:37:03.014, 0, 126.02 W
2026/09/08 05:37:03.118, 0, 126.02 W
2026/09/08 05:37:03.218, 0, 119.13 W
2026/09/08 05:37:03.318, 0, 119.13 W
2026/09/08 05:37:03.504, 0, 119.13 W
2026/09/08 05:37:03.604, 0, 119.13 W
2026/09/08 05:37:03.704, 0, 119.13 W
2026/09/08 05:37:03.804, 0, 119.85 W
2026/09/08 05:37:03.905, 0, 119.85 W
2026/09/08 05:37:04.005, 0, 119.85 W
2026/09/08 05:37:04.105, 0, 119.85 W
2026/09/08 05:37:04.205, 0, 119.85 W
2026/09/08 05:37:04.305, 0, 119.71 W
2026/09/08 05:37:04.405, 0, 119.71 W
2026/09/08 05:37:04.505, 0, 119.71 W
2026/09/08 05:37:04.605, 0, 119.71 W
2026/09/08 05:37:04.706, 0, 119.71 W
2026/09/08 05:37:04.806, 0, 119.71 W
2026/09/08 05:37:04.906, 0, 119.71 W
2026/09/08 05:37:05.006, 0, 119.71 W
2026/09/08 05:37:05.106, 0, 119.71 W
2026/09/08 05:37:05.206, 0, 119.71 W
2026/09/08 05:37:05.306, 0, 105.35 W
2026/09/08 05:37:05.406, 0, 105.35 W
2026/09/08 05:37:05.506, 0, 105.35 W
2026/09/08 05:37:05.607, 0, 105.35 W
2026/09/08 05:37:05.707, 0, 105.35 W
2026/09/08 05:37:05.807, 0, 105.35 W
2026/09/08 05:37:05.907, 0, 105.35 W
2026/09/08 05:37:06.007, 0, 105.35 W
2026/09/08 05:37:06.107, 0, 105.35 W
2026/09/08 05:37:06.207, 0, 71.39 W
2026/09/08 05:37:06.307, 0, 71.39 W
2026/09/08 05:37:06.407, 0, 71.39 W
2026/09/08 05:37:06.507, 0, 71.39 W
2026/09/08 05:37:06.608, 0, 71.39 W
2026/09/08 05:37:06.708, 0, 71.39 W
2026/09/08 05:37:06.808, 0, 71.39 W
2026/09/08 05:37:06.908, 0, 71.39 W
2026/09/08 05:37:07.008, 0, 71.39 W
2026/09/08 05:37:07.108, 0, 71.39 W
2026/09/08 05:37:07.208, 0, 33.60 W
2026/09/08 05:37:07.308, 0, 33.60 W
2026/09/08 05:37:07.409, 0, 33.60 W
2026/09/08 05:37:07.509, 0, 33.60 W
2026/09/08 05:37:07.609, 0, 33.60 W
2026/09/08 05:37:07.709, 0, 33.60 W
2026/09/08 05:37:07.809, 0, 33.60 W
2026/09/08 05:37:07.909, 0, 33.60 W
2026/09/08 05:37:08.009, 0, 33.60 W
2026/09/08 05:37:08.109, 0, 33.60 W
2026/09/08 05:37:08.210, 0, 27.49 W
2026/09/08 05:37:08.310, 0, 27.49 W
2026/09/08 05:37:08.410, 0, 27.49 W
2026/09/08 05:37:08.510, 0, 27.49 W
2026/09/08 05:37:08.610, 0, 27.49 W
2026/09/08 05:37:08.710, 0, 27.49 W
2026/09/08 05:37:08.810, 0, 27.49 W
2026/09/08 05:37:08.910, 0, 27.49 W
2026/09/08 05:37:09.011, 0, 27.49 W
2026/09/08 05:37:09.111, 0, 27.49 W
2026/09/08 05:37:09.211, 0, 25.94 W
2026/09/08 05:37:09.311, 0, 25.94 W
2026/09/08 05:37:09.411, 0, 25.94 W
2026/09/08 05:37:09.511, 0, 25.94 W
2026/09/08 05:37:09.611, 0, 25.94 W
2026/09/08 05:37:09.712, 0, 25.94 W
2026/09/08 05:37:09.812, 0, 25.94 W
2026/09/08 05:37:09.912, 0, 25.94 W
2026/09/08 05:37:10.012, 0, 25.94 W
2026/09/08 05:37:10.112, 0, 25.94 W
2026/09/08 05:37:10.212, 0, 25.34 W
2026/09/08 05:37:10.312, 0, 25.34 W
2026/09/08 05:37:10.413, 0, 25.34 W
2026/09/08 05:37:10.513, 0, 25.34 W
2026/09/08 05:37:10.613, 0, 25.34 W
2026/09/08 05:37:10.713, 0, 25.34 W
2026/09/08 05:37:10.813, 0, 25.34 W
2026/09/08 05:37:10.913, 0, 25.34 W
2026/09/08 05:37:11.102, 0, 25.34 W
2026/09/08 05:37:11.202, 0, 25.34 W
2026/09/08 05:37:11.302, 0, 25.13 W
2026/09/08 05:37:11.402, 0, 25.13 W
2026/09/08 05:37:11.502, 0, 25.13 W
2026/09/08 05:37:11.602, 0, 25.13 W
2026/09/08 05:37:11.703, 0, 25.13 W
2026/09/08 05:37:11.803, 0, 26.35 W
2026/09/08 05:37:11.903, 0, 26.35 W
2026/09/08 05:37:12.003, 0, 26.35 W
2026/09/08 05:37:12.103, 0, 26.35 W
2026/09/08 05:37:12.203, 0, 26.35 W
2026/09/08 05:37:12.303, 0, 38.97 W
2026/09/08 05:37:12.403, 0, 38.97 W
2026/09/08 05:37:12.503, 0, 38.97 W
2026/09/08 05:37:12.604, 0, 38.97 W
2026/09/08 05:37:12.704, 0, 38.97 W
2026/09/08 05:37:12.804, 0, 78.21 W
2026/09/08 05:37:12.904, 0, 78.21 W
2026/09/08 05:37:13.004, 0, 78.21 W
2026/09/08 05:37:13.104, 0, 78.21 W
2026/09/08 05:37:13.204, 0, 78.21 W
2026/09/08 05:37:13.304, 0, 88.83 W
2026/09/08 05:37:13.405, 0, 88.83 W
2026/09/08 05:37:13.505, 0, 88.83 W
2026/09/08 05:37:13.605, 0, 88.83 W
2026/09/08 05:37:13.705, 0, 88.83 W
2026/09/08 05:37:13.805, 0, 88.89 W
2026/09/08 05:37:13.905, 0, 88.89 W
2026/09/08 05:37:14.005, 0, 88.89 W
2026/09/08 05:37:14.106, 0, 88.89 W
2026/09/08 05:37:14.206, 0, 88.89 W
2026/09/08 05:37:14.306, 0, 88.97 W
2026/09/08 05:37:14.406, 0, 88.97 W
2026/09/08 05:37:14.506, 0, 88.97 W
2026/09/08 05:37:14.606, 0, 88.97 W
2026/09/08 05:37:14.706, 0, 88.97 W
2026/09/08 05:37:14.806, 0, 88.97 W
2026/09/08 05:37:14.906, 0, 88.97 W
2026/09/08 05:37:15.007, 0, 88.97 W
2026/09/08 05:37:15.107, 0, 88.97 W
2026/09/08 05:37:15.207, 0, 88.97 W
2026/09/08 05:37:15.307, 0, 88.95 W
2026/09/08 05:37:15.407, 0, 88.95 W
2026/09/08 05:37:15.507, 0, 88.95 W
2026/09/08 05:37:15.607, 0, 88.95 W
2026/09/08 05:37:15.707, 0, 88.95 W
2026/09/08 05:37:15.808, 0, 88.96 W
2026/09/08 05:37:15.908, 0, 88.96 W
2026/09/08 05:37:16.008, 0, 88.96 W
2026/09/08 05:37:16.108, 0, 88.96 W
2026/09/08 05:37:16.208, 0, 93.28 W
2026/09/08 05:37:16.308, 0, 93.28 W
2026/09/08 05:37:16.408, 0, 93.28 W
2026/09/08 05:37:16.509, 0, 93.28 W
2026/09/08 05:37:16.609, 0, 93.28 W
2026/09/08 05:37:16.709, 0, 93.56 W
2026/09/08 05:37:16.809, 0, 93.56 W
2026/09/08 05:37:16.909, 0, 93.56 W
2026/09/08 05:37:17.009, 0, 93.56 W
2026/09/08 05:37:17.109, 0, 93.56 W
2026/09/08 05:37:17.210, 0, 94.46 W
2026/09/08 05:37:17.310, 0, 94.46 W
2026/09/08 05:37:17.410, 0, 94.46 W
2026/09/08 05:37:17.510, 0, 94.46 W
2026/09/08 05:37:17.610, 0, 94.46 W
2026/09/08 05:37:17.710, 0, 99.82 W
2026/09/08 05:37:17.810, 0, 99.82 W
2026/09/08 05:37:17.911, 0, 99.82 W
2026/09/08 05:37:18.011, 0, 99.82 W
2026/09/08 05:37:18.111, 0, 99.82 W
2026/09/08 05:37:18.211, 0, 104.16 W
2026/09/08 05:37:18.311, 0, 104.16 W
2026/09/08 05:37:18.411, 0, 104.16 W
2026/09/08 05:37:18.512, 0, 104.16 W
2026/09/08 05:37:18.612, 0, 104.16 W
2026/09/08 05:37:18.712, 0, 98.32 W
2026/09/08 05:37:18.812, 0, 98.32 W
2026/09/08 05:37:18.912, 0, 98.32 W
2026/09/08 05:37:19.012, 0, 98.32 W
2026/09/08 05:37:19.113, 0, 98.32 W
2026/09/08 05:37:19.213, 0, 104.99 W
2026/09/08 05:37:19.313, 0, 104.99 W
2026/09/08 05:37:19.413, 0, 104.99 W
2026/09/08 05:37:19.513, 0, 104.99 W
2026/09/08 05:37:19.613, 0, 104.99 W
2026/09/08 05:37:19.714, 0, 115.87 W
2026/09/08 05:37:19.814, 0, 115.87 W
2026/09/08 05:37:19.914, 0, 115.87 W
2026/09/08 05:37:20.014, 0, 115.87 W
2026/09/08 05:37:20.114, 0, 115.87 W
2026/09/08 05:37:20.214, 0, 120.48 W
2026/09/08 05:37:20.314, 0, 120.48 W
2026/09/08 05:37:20.414, 0, 120.48 W
2026/09/08 05:37:20.515, 0, 120.48 W
2026/09/08 05:37:20.615, 0, 120.48 W
