2026/09/08 05:38:19.635, 0, 136.33 W
2026/09/08 05:38:19.689, 0, 136.33 W
2026/09/08 05:38:19.739, 0, 118.18 W
2026/09/08 05:38:19.789, 0, 118.18 W
2026/09/08 05:38:19.839, 0, 118.18 W
2026/09/08 05:38:19.889, 0, 118.18 W
2026/09/08 05:38:19.939, 0, 118.18 W
2026/09/08 05:38:19.989, 0, 118.18 W
2026/09/08 05:38:20.039, 0, 118.18 W
2026/09/08 05:38:20.090, 0, 118.18 W
2026/09/08 05:38:20.140, 0, 118.18 W
2026/09/08 05:38:20.190, 0, 118.18 W
2026/09/08 05:38:20.240, 0, 120.57 W
2026/09/08 05:38:20.290, 0, 120.57 W
2026/09/08 05:38:20.340, 0, 120.57 W
2026/09/08 05:38:20.390, 0, 120.57 W
2026/09/08 05:38:20.440, 0, 120.57 W
2026/09/08 05:38:20.491, 0, 120.57 W
2026/09/08 05:38:20.541, 0, 120.57 W
2026/09/08 05:38:20.591, 0, 120.57 W
2026/09/08 05:38:20.641, 0, 120.57 W
2026/09/08 05:38:20.691, 0, 120.57 W
2026/09/08 05:38:20.741, 0, 120.87 W
2026/09/08 05:38:20.792, 0, 120.87 W
2026/09/08 05:38:20.842, 0, 120.87 W
2026/09/08 05:38:20.892, 0, 120.87 W
2026/09/08 05:38:20.942, 0, 120.87 W
2026/09/08 05:38:20.992, 0, 120.87 W
2026/09/08 05:38:21.042, 0, 120.87 W
2026/09/08 05:38:21.092, 0, 120.87 W
2026/09/08 05:38:21.143, 0, 120.87 W
2026/09/08 05:38:21.193, 0, 120.87 W
2026/09/08 05:38:21.243, 0, 119.42 W
2026/09/08 05:38:21.293, 0, 119.42 W
2026/09/08 05:38:21.343, 0, 119.42 W
2026/09/08 05:38:21.393, 0, 119.42 W
2026/09/08 05:38:21.444, 0, 119.42 W
2026/09/08 05:38:21.494, 0, 119.42 W
2026/09/08 05:38:21.544, 0, 119.42 W
2026/09/08 05:38:21.594, 0, 119.42 W
2026/09/08 05:38:21.644, 0, 119.42 W
2026/09/08 05:38:21.694, 0, 119.42 W
2026/09/08 05:38:21.744, 0, 119.42 W
2026/09/08 05:38:21.795, 0, 119.42 W
2026/09/08 05:38:21.845, 0, 119.42 W
2026/09/08 05:38:21.895, 0, 119.42 W
2026/09/08 05:38:21.945, 0, 119.42 W
2026/09/08 05:38:21.995, 0, 119.42 W
2026/09/08 05:38:22.045, 0, 119.42 W
2026/09/08 05:38:22.096, 0, 119.42 W
2026/09/08 05:38:22.146, 0, 119.42 W
2026/09/08 05:38:22.196, 0, 119.42 W
2026/09/08 05:38:22.246, 0, 112.26 W
2026/09/08 05:38:22.296, 0, 112.26 W
2026/09/08 05:38:22.346, 0, 112.26 W
2026/09/08 05:38:22.397, 0, 112.26 W
2026/09/08 05:38:22.447, 0, 112.26 W
2026/09/08 05:38:22.497, 0, 112.26 W
2026/09/08 05:38:22.547, 0, 112.26 W
2026/09/08 05:38:22.597, 0, 112.26 W
2026/09/08 05:38:22.647, 0, 112.26 W
2026/09/08 05:38:22.697, 0, 112.26 W
2026/09/08 05:38:22.748, 0, 112.26 W
2026/09/08 05:38:22.798, 0, 112.26 W
2026/09/08 05:38:22.848, 0, 112.26 W
2026/09/08 05:38:22.898, 0, 112.26 W
2026/09/08 05:38:22.948, 0, 112.26 W
2026/09/08 05:38:22.998, 0, 112.26 W
2026/09/08 05:38:23.048, 0, 112.26 W
2026/09/08 05:38:23.099, 0, 112.26 W
2026/09/08 05:38:23.149, 0, 112.26 W
2026/09/08 05:38:23.199, 0, 112.26 W
2026/09/08 05:38:23.249, 0, 77.77 W
2026/09/08 05:38:23.299, 0, 77.77 W
2026/09/08 05:38:23.349, 0, 77.77 W
2026/09/08 05:38:23.399, 0, 77.77 W
2026/09/08 05:38:23.450, 0, 77.77 W
2026/09/08 05:38:23.500, 0, 77.77 W
2026/09/08 05:38:23.550, 0, 77.77 W
2026/09/08 05:38:23.600, 0, 77.77 W
2026/09/08 05:38:23.650, 0, 77.77 W
2026/09/08 05:38:23.700, 0, 77.77 W
2026/09/08 05:38:23.750, 0, 77.77 W
2026/09/08 05:38:23.801, 0, 77.77 W
2026/09/08 05:38:23.851, 0, 77.77 W
2026/09/08 05:38:23.901, 0, 77.77 W
2026/09/08 05:38:23.951, 0, 77.77 W
2026/09/08 05:38:24.001, 0, 77.77 W
2026/09/08 05:38:24.051, 0, 77.77 W
2026/09/08 05:38:24.101, 0, 77.77 W
2026/09/08 05:38:24.152, 0, 77.77 W
2026/09/08 05:38:24.202, 0, 77.77 W
2026/09/08 05:38:24.252, 0, 38.41 W
2026/09/08 05:38:24.302, 0, 38.41 W
2026/09/08 05:38:24.352, 0, 38.41 W
2026/09/08 05:38:24.402, 0, 38.41 W
2026/09/08 05:38:24.453, 0, 38.41 W
2026/09/08 05:38:24.503, 0, 38.41 W
2026/09/08 05:38:24.553, 0, 38.41 W
2026/09/08 05:38:24.603, 0, 38.41 W
2026/09/08 05:38:24.653, 0, 38.41 W
2026/09/08 05:38:24.703, 0, 38.41 W
2026/09/08 05:38:24.753, 0, 38.41 W
2026/09/08 05:38:24.804, 0, 38.41 W
2026/09/08 05:38:24.854, 0, 38.41 W
2026/09/08 05:38:24.904, 0, 38.41 W
2026/09/08 05:38:24.954, 0, 38.41 W
2026/09/08 05:38:25.004, 0, 38.41 W
2026/09/08 05:38:25.055, 0, 38.41 W
2026/09/08 05:38:25.105, 0, 38.41 W
2026/09/08 05:38:25.155, 0, 38.41 W
2026/09/08 05:38:25.205, 0, 38.41 W
2026/09/08 05:38:25.255, 0, 30.69 W
2026/09/08 05:38:25.305, 0, 30.69 W
2026/09/08 05:38:25.356, 0, 30.69 W
2026/09/08 05:38:25.406, 0, 30.69 W
2026/09/08 05:38:25.456, 0, 30.69 W
2026/09/08 05:38:25.506, 0, 30.69 W
2026/09/08 05:38:25.556, 0, 30.69 W
2026/09/08 05:38:25.606, 0, 30.69 W
2026/09/08 05:38:25.657, 0, 30.69 W
2026/09/08 05:38:25.707, 0, 30.69 W
2026/09/08 05:38:25.757, 0, 30.69 W
2026/09/08 05:38:25.807, 0, 30.69 W
2026/09/08 05:38:25.857, 0, 30.69 W
2026/09/08 05:38:25.907, 0, 30.69 W
2026/09/08 05:38:25.958, 0, 30.69 W
2026/09/08 05:38:26.008, 0, 30.69 W
2026/09/08 05:38:26.058, 0, 30.69 W
2026/09/08 05:38:26.108, 0, 30.69 W
2026/09/08 05:38:26.158, 0, 30.69 W
2026/09/08 05:38:26.208, 0, 30.69 W
2026/09/08 05:38:26.258, 0, 27.05 W
2026/09/08 05:38:26.308, 0, 27.05 W
2026/09/08 05:38:26.358, 0, 27.05 W
2026/09/08 05:38:26.408, 0, 27.05 W
2026/09/08 05:38:26.459, 0, 27.05 W
2026/09/08 05:38:26.509, 0, 27.05 W
2026/09/08 05:38:26.559, 0, 27.05 W
2026/09/08 05:38:26.609, 0, 27.05 W
2026/09/08 05:38:26.659, 0, 27.05 W
2026/09/08 05:38:26.709, 0, 27.05 W
2026/09/08 05:38:26.760, 0, 27.05 W
2026/09/08 05:38:26.810, 0, 27.05 W
2026/09/08 05:38:26.860, 0, 27.05 W
2026/09/08 05:38:26.910, 0, 27.05 W
2026/09/08 05:38:26.960, 0, 27.05 W
2026/09/08 05:38:27.010, 0, 27.05 W
2026/09/08 05:38:27.060, 0, 27.05 W
2026/09/08 05:38:27.111, 0, 27.05 W
2026/09/08 05:38:27.161, 0, 27.05 W
2026/09/08 05:38:27.211, 0, 27.05 W
2026/09/08 05:38:27.261, 0, 25.45 W
2026/09/08 05:38:27.311, 0, 25.45 W
2026/09/08 05:38:27.361, 0, 25.45 W
2026/09/08 05:38:27.412, 0, 25.45 W
2026/09/08 05:38:27.502, 0, 25.45 W
2026/09/08 05:38:27.602, 0, 25.45 W
2026/09/08 05:38:27.652, 0, 25.45 W
2026/09/08 05:38:27.703, 0, 25.45 W
2026/09/08 05:38:27.753, 0, 25.45 W
2026/09/08 05:38:27.803, 0, 25.45 W
2026/09/08 05:38:27.853, 0, 25.45 W
2026/09/08 05:38:27.903, 0, 25.45 W
2026/09/08 05:38:27.953, 0, 25.45 W
2026/09/08 05:38:28.003, 0, 25.45 W
2026/09/08 05:38:28.054, 0, 25.45 W
2026/09/08 05:38:28.104, 0, 25.45 W
2026/09/08 05:38:28.154, 0, 25.45 W
2026/09/08 05:38:28.204, 0, 25.45 W
2026/09/08 05:38:28.254, 0, 27.25 W
2026/09/08 05:38:28.304, 0, 27.25 W
2026/09/08 05:38:28.355, 0, 27.25 W
2026/09/08 05:38:28.405, 0, 27.25 W
2026/09/08 05:38:28.455, 0, 27.25 W
2026/09/08 05:38:28.505, 0, 27.25 W
2026/09/08 05:38:28.555, 0, 27.25 W
2026/09/08 05:38:28.605, 0, 27.25 W
2026/09/08 05:38:28.655, 0, 27.25 W
2026/09/08 05:38:28.705, 0, 27.25 W
2026/09/08 05:38:28.756, 0, 43.55 W
2026/09/08 05:38:28.806, 0, 43.55 W
2026/09/08 05:38:28.856, 0, 43.55 W
2026/09/08 05:38:28.906, 0, 43.55 W
2026/09/08 05:38:28.956, 0, 43.55 W
2026/09/08 05:38:29.006, 0, 43.55 W
2026/09/08 05:38:29.056, 0, 43.55 W
2026/09/08 05:38:29.106, 0, 43.55 W
2026/09/08 05:38:29.157, 0, 43.55 W
2026/09/08 05:38:29.207, 0, 43.55 W
2026/09/08 05:38:29.257, 0, 85.75 W
2026/09/08 05:38:29.307, 0, 85.75 W
2026/09/08 05:38:29.357, 0, 85.75 W
2026/09/08 05:38:29.407, 0, 85.75 W
2026/09/08 05:38:29.457, 0, 85.75 W
2026/09/08 05:38:29.508, 0, 85.75 W
2026/09/08 05:38:29.558, 0, 85.75 W
2026/09/08 05:38:29.608, 0, 85.75 W
2026/09/08 05:38:29.658, 0, 85.75 W
2026/09/08 05:38:29.708, 0, 85.75 W
2026/09/08 05:38:29.758, 0, 89.10 W
2026/09/08 05:38:29.808, 0, 89.10 W
2026/09/08 05:38:29.858, 0, 89.10 W
2026/09/08 05:38:29.909, 0, 89.10 W
2026/09/08 05:38:29.959, 0, 89.10 W
2026/09/08 05:38:30.009, 0, 89.10 W
2026/09/08 05:38:30.059, 0, 89.10 W
2026/09/08 05:38:30.109, 0, 89.10 W
2026/09/08 05:38:30.159, 0, 89.10 W
2026/09/08 05:38:30.209, 0, 89.10 W
2026/09/08 05:38:30.259, 0, 89.14 W
2026/09/08 05:38:30.310, 0, 89.14 W
2026/09/08 05:38:30.360, 0, 89.14 W
2026/09/08 05:38:30.410, 0, 89.14 W
2026/09/08 05:38:30.460, 0, 89.14 W
2026/09/08 05:38:30.510, 0, 89.14 W
2026/09/08 05:38:30.560, 0, 89.14 W
2026/09/08 05:38:30.610, 0, 89.14 W
2026/09/08 05:38:30.660, 0, 89.14 W
2026/09/08 05:38:30.711, 0, 89.14 W
2026/09/08 05:38:30.761, 0, 89.18 W
2026/09/08 05:38:30.811, 0, 89.18 W
2026/09/08 05:38:30.861, 0, 89.18 W
2026/09/08 05:38:30.911, 0, 89.18 W
2026/09/08 05:38:30.961, 0, 89.18 W
2026/09/08 05:38:31.011, 0, 89.18 W
2026/09/08 05:38:31.061, 0, 89.18 W
2026/09/08 05:38:31.112, 0, 89.18 W
2026/09/08 05:38:31.162, 0, 89.18 W
2026/09/08 05:38:31.212, 0, 89.18 W
2026/09/08 05:38:31.262, 0, 89.18 W
2026/09/08 05:38:31.312, 0, 89.18 W
2026/09/08 05:38:31.362, 0, 89.18 W
2026/09/08 05:38:31.412, 0, 89.18 W
2026/09/08 05:38:31.462, 0, 89.18 W
2026/09/08 05:38:31.512, 0, 89.18 W
2026/09/08 05:38:31.563, 0, 89.18 W
2026/09/08 05:38:31.613, 0, 89.18 W
2026/09/08 05:38:31.663, 0, 89.18 W
2026/09/08 05:38:31.713, 0, 89.18 W
2026/09/08 05:38:31.763, 0, 89.24 W
2026/09/08 05:38:31.813, 0, 89.24 W
2026/09/08 05:38:31.863, 0, 89.24 W
2026/09/08 05:38:31.913, 0, 89.24 W
2026/09/08 05:38:31.963, 0, 89.24 W
2026/09/08 05:38:32.013, 0, 89.24 W
2026/09/08 05:38:32.063, 0, 89.24 W
2026/09/08 05:38:32.114, 0, 89.24 W
2026/09/08 05:38:32.164, 0, 89.24 W
2026/09/08 05:38:32.214, 0, 89.24 W
2026/09/08 05:38:32.264, 0, 91.66 W
2026/09/08 05:38:32.314, 0, 91.66 W
2026/09/08 05:38:32.364, 0, 91.66 W
2026/09/08 05:38:32.414, 0, 91.66 W
2026/09/08 05:38:32.465, 0, 91.66 W
2026/09/08 05:38:32.515, 0, 91.66 W
2026/09/08 05:38:32.565, 0, 91.66 W
2026/09/08 05:38:32.615, 0, 91.66 W
2026/09/08 05:38:32.665, 0, 91.66 W
2026/09/08 05:38:32.715, 0, 91.66 W
2026/09/08 05:38:32.765, 0, 93.86 W
2026/09/08 05:38:32.815, 0, 93.86 W
2026/09/08 05:38:32.865, 0, 93.86 W
2026/09/08 05:38:32.915, 0, 93.86 W
2026/09/08 05:38:32.966, 0, 93.86 W
2026/09/08 05:38:33.016, 0, 93.86 W
2026/09/08 05:38:33.066, 0, 93.86 W
2026/09/08 05:38:33.116, 0, 93.86 W
2026/09/08 05:38:33.166, 0, 93.86 W
2026/09/08 05:38:33.216, 0, 93.86 W
2026/09/08 05:38:33.266, 0, 93.84 W
2026/09/08 05:38:33.317, 0, 93.84 W
2026/09/08 05:38:33.367, 0, 93.84 W
2026/09/08 05:38:33.417, 0, 93.84 W
2026/09/08 05:38:33.467, 0, 93.84 W
2026/09/08 05:38:33.517, 0, 93.84 W
2026/09/08 05:38:33.567, 0, 93.84 W
2026/09/08 05:38:33.618, 0, 93.84 W
2026/09/08 05:38:33.668, 0, 93.84 W
2026/09/08 05:38:33.718, 0, 93.84 W
2026/09/08 05:38:33.768, 0, 98.74 W
2026/09/08 05:38:33.818, 0, 98.74 W
2026/09/08 05:38:33.868, 0, 98.74 W
2026/09/08 05:38:33.918, 0, 98.74 W
2026/09/08 05:38:33.969, 0, 98.74 W
2026/09/08 05:38:34.019, 0, 98.74 W
2026/09/08 05:38:34.069, 0, 98.74 W
2026/09/08 05:38:34.119, 0, 98.74 W
2026/09/08 05:38:34.169, 0, 98.74 W
2026/09/08 05:38:34.219, 0, 98.74 W
2026/09/08 05:38:34.270, 0, 103.76 W
2026/09/08 05:38:34.320, 0, 103.76 W
2026/09/08 05:38:34.370, 0, 103.76 W
2026/09/08 05:38:34.420, 0, 103.76 W
2026/09/08 05:38:34.470, 0, 103.76 W
2026/09/08 05:38:34.520, 0, 103.76 W
2026/09/08 05:38:34.571, 0, 103.76 W
2026/09/08 05:38:34.621, 0, 103.76 W
2026/09/08 05:38:34.671, 0, 103.76 W
2026/09/08 05:38:34.721, 0, 103.76 W
2026/09/08 05:38:34.771, 0, 100.39 W
2026/09/08 05:38:34.821, 0, 100.39 W
2026/09/08 05:38:34.871, 0, 100.39 W
2026/09/08 05:38:34.922, 0, 100.39 W
2026/09/08 05:38:34.972, 0, 100.39 W
2026/09/08 05:38:35.022, 0, 100.39 W
2026/09/08 05:38:35.072, 0, 100.39 W
2026/09/08 05:38:35.122, 0, 100.39 W
2026/09/08 05:38:35.172, 0, 100.39 W
2026/09/08 05:38:35.222, 0, 100.39 W
2026/09/08 05:38:35.273, 0, 115.19 W
2026/09/08 05:38:35.323, 0, 115.19 W
2026/09/08 05:38:35.373, 0, 115.19 W
2026/09/08 05:38:35.423, 0, 115.19 W
2026/09/08 05:38:35.473, 0, 115.19 W
2026/09/08 05:38:35.523, 0, 115.19 W
2026/09/08 05:38:35.574, 0, 115.19 W
2026/09/08 05:38:35.624, 0, 115.19 W
2026/09/08 05:38:35.674, 0, 115.19 W
2026/09/08 05:38:35.724, 0, 115.19 W
2026/09/08 05:38:35.774, 0, 171.29 W
2026/09/08 05:38:35.824, 0, 171.29 W
2026/09/08 05:38:35.874, 0, 171.29 W
2026/09/08 05:38:35.924, 0, 171.29 W
2026/09/08 05:38:35.975, 0, 171.29 W
2026/09/08 05:38:36.025, 0, 171.29 W
2026/09/08 05:38:36.075, 0, 171.29 W
2026/09/08 05:38:36.125, 0, 171.29 W
2026/09/08 05:38:36.175, 0, 171.29 W
2026/09/08 05:38:36.225, 0, 171.29 W
2026/09/08 05:38:36.276, 0, 215.73 W
2026/09/08 05:38:36.326, 0, 215.73 W
2026/09/08 05:38:36.376, 0, 215.73 W
2026/09/08 05:38:36.426, 0, 215.73 W
2026/09/08 05:38:36.476, 0, 215.73 W
2026/09/08 05:38:36.526, 0, 215.73 W
2026/09/08 05:38:36.577, 0, 215.73 W
2026/09/08 05:38:36.627, 0, 215.73 W
2026/09/08 05:38:36.677, 0, 215.73 W
2026/09/08 05:38:36.727, 0, 215.73 W
2026/09/08 05:38:36.777, 0, 209.02 W
2026/09/08 05:38:36.827, 0, 209.02 W
2026/09/08 05:38:36.878, 0, 209.02 W
2026/09/08 05:38:36.928, 0, 209.02 W
2026/09/08 05:38:36.978, 0, 209.02 W
2026/09/08 05:38:37.028, 0, 209.02 W
2026/09/08 05:38:37.078, 0, 209.02 W
2026/09/08 05:38:37.128, 0, 209.02 W
2026/09/08 05:38:37.179, 0, 209.02 W
2026/09/08 05:38:37.229, 0, 209.02 W
2026/09/08 05:38:37.279, 0, 207.32 W
2026/09/08 05:38:37.329, 0, 207.32 W
2026/09/08 05:38:37.379, 0, 207.32 W
2026/09/08 05:38:37.429, 0, 207.32 W
2026/09/08 05:38:37.480, 0, 207.32 W
2026/09/08 05:38:37.530, 0, 207.32 W
2026/09/08 05:38:37.580, 0, 207.32 W
2026/09/08 05:38:37.630, 0, 207.32 W
2026/09/08 05:38:37.680, 0, 207.32 W
2026/09/08 05:38:37.730, 0, 207.32 W
2026/09/08 05:38:37.781, 0, 200.57 W
2026/09/08 05:38:37.831, 0, 200.57 W
2026/09/08 05:38:37.881, 0, 200.57 W
2026/09/08 05:38:37.931, 0, 200.57 W
2026/09/08 05:38:37.981, 0, 200.57 W
2026/09/08 05:38:38.031, 0, 200.57 W
2026/09/08 05:38:38.082, 0, 200.57 W
2026/09/08 05:38:38.132, 0, 200.57 W
2026/09/08 05:38:38.182, 0, 200.57 W
2026/09/08 05:38:38.232, 0, 200.57 W
2026/09/08 05:38:38.282, 0, 208.59 W
2026/09/08 05:38:38.332, 0, 208.59 W
2026/09/08 05:38:38.382, 0, 208.59 W
2026/09/08 05:38:38.433, 0, 208.59 W
2026/09/08 05:38:38.483, 0, 208.59 W
2026/09/08 05:38:38.533, 0, 208.59 W
2026/09/08 05:38:38.583, 0, 208.59 W
2026/09/08 05:38:38.633, 0, 208.59 W
2026/09/08 05:38:38.683, 0, 208.59 W
2026/09/08 05:38:38.733, 0, 208.59 W
2026/09/08 05:38:38.784, 0, 207.93 W
2026/09/08 05:38:38.834, 0, 207.93 W
2026/09/08 05:38:38.884, 0, 207.93 W
2026/09/08 05:38:38.934, 0, 207.93 W
2026/09/08 05:38:38.984, 0, 207.93 W
2026/09/08 05:38:39.034, 0, 207.93 W
2026/09/08 05:38:39.085, 0, 207.93 W
2026/09/08 05:38:39.135, 0, 207.93 W
2026/09/08 05:38:39.185, 0, 207.93 W
2026/09/08 05:38:39.235, 0, 207.93 W
2026/09/08 05:38:39.285, 0, 207.45 W
2026/09/08 05:38:39.335, 0, 207.45 W
2026/09/08 05:38:39.385, 0, 207.45 W
2026/09/08 05:38:39.436, 0, 207.45 W
2026/09/08 05:38:39.486, 0, 207.45 W
2026/09/08 05:38:39.536, 0, 207.45 W
2026/09/08 05:38:39.586, 0, 207.45 W
2026/09/08 05:38:39.636, 0, 207.45 W
2026/09/08 05:38:39.686, 0, 207.45 W
2026/09/08 05:38:39.737, 0, 207.45 W
2026/09/08 05:38:39.787, 0, 205.36 W
2026/09/08 05:38:39.837, 0, 205.36 W
2026/09/08 05:38:39.887, 0, 205.36 W
2026/09/08 05:38:39.937, 0, 205.36 W
2026/09/08 05:38:39.987, 0, 205.36 W
2026/09/08 05:38:40.037, 0, 205.36 W
2026/09/08 05:38:40.088, 0, 205.36 W
2026/09/08 05:38:40.138, 0, 205.36 W
2026/09/08 05:38:40.188, 0, 205.36 W
2026/09/08 05:38:40.238, 0, 205.36 W
2026/09/08 05:38:40.288, 0, 208.87 W
2026/09/08 05:38:40.338, 0, 208.87 W
2026/09/08 05:38:40.389, 0, 208.87 W
2026/09/08 05:38:40.439, 0, 208.87 W
2026/09/08 05:38:40.489, 0, 208.87 W
2026/09/08 05:38:40.539, 0, 208.87 W
2026/09/08 05:38:40.589, 0, 208.87 W
2026/09/08 05:38:40.639, 0, 208.87 W
2026/09/08 05:38:40.689, 0, 208.87 W
2026/09/08 05:38:40.739, 0, 208.87 W
2026/09/08 05:38:40.789, 0, 206.75 W
2026/09/08 05:38:40.839, 0, 206.75 W
2026/09/08 05:38:40.890, 0, 206.75 W
2026/09/08 05:38:40.940, 0, 206.75 W
2026/09/08 05:38:40.990, 0, 206.75 W
2026/09/08 05:38:41.040, 0, 206.75 W
2026/09/08 05:38:41.090, 0, 206.75 W
2026/09/08 05:38:41.140, 0, 206.75 W
2026/09/08 05:38:41.190, 0, 206.75 W
2026/09/08 05:38:41.240, 0, 206.75 W
2026/09/08 05:38:41.290, 0, 202.46 W
2026/09/08 05:38:41.340, 0, 202.46 W
2026/09/08 05:38:41.391, 0, 202.46 W
2026/09/08 05:38:41.441, 0, 202.46 W
2026/09/08 05:38:41.491, 0, 202.46 W
2026/09/08 05:38:41.541, 0, 202.46 W
2026/09/08 05:38:41.591, 0, 202.46 W
2026/09/08 05:38:41.641, 0, 202.46 W
2026/09/08 05:38:41.691, 0, 202.46 W
2026/09/08 05:38:41.741, 0, 202.46 W
2026/09/08 05:38:41.792, 0, 169.27 W
2026/09/08 05:38:41.842, 0, 169.27 W
2026/09/08 05:38:41.892, 0, 169.27 W
2026/09/08 05:38:41.942, 0, 169.27 W
2026/09/08 05:38:41.992, 0, 169.27 W
2026/09/08 05:38:42.042, 0, 169.27 W
2026/09/08 05:38:42.092, 0, 169.27 W
2026/09/08 05:38:42.142, 0, 169.27 W
2026/09/08 05:38:42.192, 0, 169.27 W
2026/09/08 05:38:42.242, 0, 169.27 W
2026/09/08 05:38:42.293, 0, 135.22 W
2026/09/08 05:38:42.343, 0, 135.22 W
2026/09/08 05:38:42.393, 0, 135.22 W
2026/09/08 05:38:42.443, 0, 135.22 W
2026/09/08 05:38:42.493, 0, 135.22 W
2026/09/08 05:38:42.543, 0, 135.22 W
2026/09/08 05:38:42.593, 0, 135.22 W
2026/09/08 05:38:42.644, 0, 135.22 W
2026/09/08 05:38:42.694, 0, 135.22 W
2026/09/08 05:38:42.744, 0, 135.22 W
